<?xml version="1.0" ?>
<XML_DIZ_INFO>
<MASTER_PAD_VERSION_INFO>
    <MASTER_PAD_VERSION>1.15</MASTER_PAD_VERSION>
    <MASTER_PAD_INFO>Portable Application Description, or PAD for short, is a data set that is used by shareware authors to disseminate information to anyone interested in their software products. To find out more go to http://www.asp-shareware.org/pad</MASTER_PAD_INFO>
</MASTER_PAD_VERSION_INFO>
<Company_Info>
        <Company_Name>Laurent Destailleur</Company_Name>
        <Address_1>61 Boulevard Vauban</Address_1>
        <Address_2 />
        <City_Town>Montigny-le-Bretonneux</City_Town>
        <State_Province>Yvelines</State_Province>
        <Zip_Postal_Code>78180</Zip_Postal_Code>
        <Country>FRANCE</Country>
        <Company_WebSite_URL>http://awstats.sourceforge.net</Company_WebSite_URL>
<Contact_Info>
        <Author_First_Name>Laurent</Author_First_Name>
        <Author_Last_Name>Destailleur</Author_Last_Name>
        <Author_Email>eldy@users.sourceforge.net</Author_Email>
        <Contact_First_Name>Laurent</Contact_First_Name>
        <Contact_Last_Name>Destailleur</Contact_Last_Name>
        <Contact_Email>eldy@users.sourceforge.net</Contact_Email>
    </Contact_Info>
<Support_Info>
        <Sales_Email>eldy@users.sourceforge.net</Sales_Email>
        <Support_Email>eldy@users.sourceforge.net</Support_Email>
        <General_Email>eldy@users.sourceforge.net</General_Email>
        <Sales_Phone />
        <Support_Phone />
        <General_Phone />
        <Fax_Phone />
    </Support_Info>
</Company_Info>
<Program_Info>
        <Program_Name>AWStats</Program_Name>
        <Program_Version>6.4</Program_Version>
        <Program_Release_Month>02</Program_Release_Month>
        <Program_Release_Day>20</Program_Release_Day>
        <Program_Release_Year>2005</Program_Release_Year>
        <Program_Cost_Dollars>0</Program_Cost_Dollars>
        <Program_Cost_Other_Code />
        <Program_Cost_Other>0</Program_Cost_Other>
        <Program_Type>Freeware</Program_Type>
        <Program_Release_Status>Minor Update</Program_Release_Status>
        <Program_Install_Support>No Install Support</Program_Install_Support>
        <Program_OS_Support>Win95,Win98,WinME,WinNT 4.x,WinXP,Windows2000,Unix,Linux,OS/2,OS/2 Warp,OS/2 Warp 4,MAC 68k,Mac PPC</Program_OS_Support>
        <Program_Language>English,Spanish,French,German,Italian,Japanese,ChineseSimplified,ChineseTraditional,Russian</Program_Language>
<File_Info>
        <Filename_Versioned>awstats-6.4.zip</Filename_Versioned>
        <Filename_Previous>awstats-6.3.zip</Filename_Previous>
        <Filename_Generic>awstats.zip</Filename_Generic>
        <Filename_Long>awstats.zip</Filename_Long>
        <File_Size_Bytes>1120624</File_Size_Bytes>
        <File_Size_K>1094</File_Size_K>
        <File_Size_MB>1.09</File_Size_MB>
    </File_Info>
<Expire_Info>
        <Has_Expire_Info>N</Has_Expire_Info>
        <Expire_Count />
        <Expire_Based_On>Days</Expire_Based_On>
        <Expire_Other_Info />
        <Expire_Month />
        <Expire_Day />
        <Expire_Year />
    </Expire_Info>
        <Program_Change_Info>http://awstats.sourceforge.net/docs/awstats_changelog.txt</Program_Change_Info>
        <Program_Specific_Category>Internet</Program_Specific_Category>
        <Program_Categories>Log analyzer</Program_Categories>
        <Program_System_Requirements>None</Program_System_Requirements>
        <Includes_JAVA_VM>N</Includes_JAVA_VM>
        <Includes_VB_Runtime>N</Includes_VB_Runtime>
        <Includes_DirectX>N</Includes_DirectX>
</Program_Info>
<Program_Descriptions>
<English>
        <Keywords>awstats, awstat, log, file, analyzer, analysis, web, mail, logfile, free, advanced, real-time, tool, perl, cgi, software, statistics, stats, analyze, apache, IIS, reports, counter, graphical, analyse, statistiques, freeware, gnu, gpl, project, linux</Keywords>
        <Char_Desc_45>AWStats - Free log file analyzer (GNU GPL)</Char_Desc_45>
        <Char_Desc_80>AWStats - Free web server log file analyzer for advanced web statistics (GPL)</Char_Desc_80>
        <Char_Desc_250>Advanced Web Statistics (AWStats) is a free powerful web server logfile analyzer that shows you all your Web statistics including visits, unique visitors, pages, hits, rush hours, os, browsers, search engines, keywords, robots, errors, and more...</Char_Desc_250>
        <Char_Desc_450>Advanced Web Statistics (AWStats) is a free powerful and featureful web server logfile analyzer that shows you all your Web statistics including visits, unique visitors, pages, hits, rush hours, os, browser's versions, search engines, keywords, robots visits, broken links, HTTP errors and more...
Works with all major web (but also mail and FTP) log servers as a CGI and/or from command line.
Distributed under GNU General Public License.</Char_Desc_450>
        <Char_Desc_2000>Advanced Web Statistics (AWStats) is a free powerful and featureful server logfile analyzer that shows you all your Web statistics including visits, unique visitors, pages, hits, rush hours, os, browsers and versions, search engines, keywords, robots visits, broken links, HTTP errors, mod_gzip or mod_deflate compression ratios, number of times your site is &quot;added to favourites&quot;, report browser support for PDF, Flash, Java, screen size, other personalized reports, and more...
Many plugins, dynamic filters, and a very high level of parameters.
Reports can be in serveral languages.
Works with all major web (but also mail and FTP) log servers as a CGI and/or from command line.
Distributed under GNU General Public License.</Char_Desc_2000>
</English>
</Program_Descriptions>
<Web_Info>
<Application_URLs>
        <Application_Info_URL>http://awstats.sourceforge.net</Application_Info_URL>
        <Application_Order_URL>http://awstats.sourceforge.net</Application_Order_URL>
        <Application_Screenshot_URL>http://awstats.sourceforge.net/docs/images/screen_shot_1.jpg</Application_Screenshot_URL>
        <Application_Icon_URL>http://awstats.sourceforge.net/docs/images/awstats_logo1.gif</Application_Icon_URL>
        <Application_XML_File_URL>http://awstats.sourceforge.net/docs/pad_awstats.xml</Application_XML_File_URL>
    </Application_URLs>
<Download_URLs>
        <Primary_Download_URL>http://awstats.sourceforge.net/files/awstats.zip</Primary_Download_URL>
        <Secondary_Download_URL>http://prdownloads.sourceforge.net/awstats/awstats-62.zip</Secondary_Download_URL>
        <Additional_Download_URL_1 />
        <Additional_Download_URL_2 />
    </Download_URLs>
</Web_Info>
<Permissions>
        <Distribution_Permissions>GNU GPL</Distribution_Permissions>
        <EULA>GNU GPL</EULA>
</Permissions>
</XML_DIZ_INFO>
